,Product,SKU,MPN,RRP,CurrentPrice,URL
0,Cariad Heart White Topaz Ring,13229320,3SCCLR4,£99.00,£59.40,https://www.clogauoutlet.co.uk/cariad-heart-white-topaz-ring/13229320.html
1,Heart Bracelet,13229332,3SCLBR04,£99.00,£59.40,https://www.clogauoutlet.co.uk/heart-bracelet/13229332.html
2,Heart Stud Earrings,13229333,3SCLE04,£79.00,£47.40,https://www.clogauoutlet.co.uk/heart-stud-earrings/13229333.html
3,Heart Pendant,13229334,3SCLP04,£109.00,£65.40,https://www.clogauoutlet.co.uk/heart-pendant/13229334.html
4,Affinity Heart Bracelet,13229335,3SAFBR5,£99.00,£59.40,https://www.clogauoutlet.co.uk/affinity-heart-bracelet/13229335.html
5,Celtic Heart Earrings,13229336,3SAFE1,£89.00,£53.40,https://www.clogauoutlet.co.uk/silver-and-rose-gold-celtic-heart-earrings/13229336.html
6,January Birthstone Affinity Bead Bracelet,13229337,3SAFF0031,£119.00,£71.40,https://www.clogauoutlet.co.uk/january-birthstone-affinity-bead-bracelet/13229337.html
7,February Birthstone Affinity Bead Bracelet,13229338,3SAFF0032,£119.00,£71.40,https://www.clogauoutlet.co.uk/february-birthstone-affinity-bead-bracelet/13229338.html
8,March Birthstone Affinity Bead Bracelet,13229339,3SAFF0033,£119.00,£71.40,https://www.clogauoutlet.co.uk/march-birthstone-affinity-bead-bracelet/13229339.html
9,April Birthstone Affinity Bead Bracelet,13229340,3SAFF0034,£119.00,£71.40,https://www.clogauoutlet.co.uk/april-birthstone-affinity-bead-bracelet/13229340.html
10,May Birthstone Affinity Bead Bracelet,13229341,3SAFF0035,£119.00,£71.40,https://www.clogauoutlet.co.uk/may-birthstone-affinity-bead-bracelet/13229341.html
11,June Birthstone Affinity Bead Bracelet,13229342,3SAFF0036,£119.00,£71.40,https://www.clogauoutlet.co.uk/june-birthstone-affinity-bead-bracelet/13229342.html
12,July Birthstone Affinity Bead Bracelet,13229343,3SAFF0037,£119.00,£71.40,https://www.clogauoutlet.co.uk/july-birthstone-affinity-bead-bracelet/13229343.html
13,August Birthstone Affinity Bead Bracelet,13229344,3SAFF0038,£119.00,£71.40,https://www.clogauoutlet.co.uk/august-birthstone-affinity-bead-bracelet/13229344.html
14,September Birthstone Affinity Bead Bracelet,13229345,3SAFF0039,£119.00,£71.40,https://www.clogauoutlet.co.uk/september-birthstone-affinity-bead-bracelet/13229345.html
15,October Birthstone Affinity Bead Bracelet,13229346,3SAFF0040,£119.00,£71.40,https://www.clogauoutlet.co.uk/october-birthstone-affinity-bead-bracelet/13229346.html
16,November Birthstone Affinity Bead Bracelet,13229347,3SAFF0041,£119.00,£71.40,https://www.clogauoutlet.co.uk/november-birthstone-affinity-bead-bracelet/13229347.html
17,December Birthstone Affinity Bead Bracelet,13229348,3SAFF0042,£119.00,£71.40,https://www.clogauoutlet.co.uk/december-birthstone-affinity-bead-bracelet/13229348.html
18,Silver and Rose Gold Celtic Heart Pendant,13229349,3SAFP2,£119.00,£71.40,https://www.clogauoutlet.co.uk/silver-and-rose-gold-celtic-heart-pendant/13229349.html
19,Affinity Heart Barrel Pendant,13229350,3SAFP5,£119.00,£71.40,https://www.clogauoutlet.co.uk/affinity-heart-barrel-pendant/13229350.html
20,Affinity Heart Band Ring,13229351,3SAFR5,£79.00,£47.40,https://www.clogauoutlet.co.uk/affinity-heart-band-ring/13229351.html
21,Affinity Heart Ring,13229357,3SAFR6,£69.00,£41.40,https://www.clogauoutlet.co.uk/affinity-heart-ring/13229357.html
22,Magical Alice Club Pendant,13229363,3SALWCP,£139.00,£83.40,https://www.clogauoutlet.co.uk/magical-alice-club-pendant/13229363.html
23,Magical Alice Garnet Earrings,13229364,3SALWDE,£99.00,£59.40,https://www.clogauoutlet.co.uk/magical-alice-garnet-earrings/13229364.html
24,Magical Alice Heart Pendant,13229365,3SALWHP,£139.00,£83.40,https://www.clogauoutlet.co.uk/magical-alice-heart-pendant/13229365.html
25,Magical Alice Agate Earrings,13229366,3SALWSPE,£99.00,£59.40,https://www.clogauoutlet.co.uk/magical-alice-agate-earrings/13229366.html
26,Daffodil Affinity Bead Bracelet 16.5-17.5cm,13229367,3SBBR10S,£109.00,£65.40,https://www.clogauoutlet.co.uk/daffodil-affinity-bead-bracelet-16-5-17-5cm/13229367.html
27,Moon and Star Affinity Bead Bracelet 16.5-17.5cm,13229368,3SBBR17S,£99.00,£59.40,https://www.clogauoutlet.co.uk/moon-and-star-affinity-bead-bracelet-16-5-17-5cm/13229368.html
28,Garnet January Birthstone Earrings,13229369,3SBES01,£89.00,£53.40,https://www.clogauoutlet.co.uk/garnet-january-birthstone-earrings/13229369.html
29,Amethyst February Birthstone Earrings,13229370,3SBES02,£89.00,£53.40,https://www.clogauoutlet.co.uk/amethyst-february-birthstone-earrings/13229370.html
30,Zircon April Birthstone Earrings,13229371,3SBES04,£89.00,£53.40,https://www.clogauoutlet.co.uk/zircon-april-birthstone-earrings/13229371.html
31,Emerald May Birthstone Earrings,13229372,3SBES05,£89.00,£53.40,https://www.clogauoutlet.co.uk/emerald-may-birthstone-earrings/13229372.html
32,Moonstone June Birthstone Earrings,13229373,3SBES06,£89.00,£53.40,https://www.clogauoutlet.co.uk/moonstone-june-birthstone-earrings/13229373.html
33,Peridot August Birthstone Earrings,13229374,3SBES08,£89.00,£53.40,https://www.clogauoutlet.co.uk/peridot-august-birthstone-earrings/13229374.html
34,Agate September Birthstone Earrings,13229375,3SBES09,£89.00,£53.40,https://www.clogauoutlet.co.uk/agate-september-birthstone-earrings/13229375.html
35,Fire Opal October Birthstone Earrings,13229376,3SBES10,£89.00,£53.40,https://www.clogauoutlet.co.uk/fire-opal-october-birthstone-earrings/13229376.html
36,Citrine November Birthstone Earrings,13229377,3SBES11,£89.00,£53.40,https://www.clogauoutlet.co.uk/citrine-november-birthstone-earrings/13229377.html
37,Topaz December Birthstone Earrings,13229378,3SBES12,£89.00,£53.40,https://www.clogauoutlet.co.uk/topaz-december-birthstone-earrings/13229378.html
38,Aquamarine March Birthstone Earrings,13229379,3SBES3,£89.00,£53.40,https://www.clogauoutlet.co.uk/aquamarine-march-birthstone-earrings/13229379.html
39,Carnelian July Birthstone Earrings,13229380,3SBES7,£89.00,£53.40,https://www.clogauoutlet.co.uk/carnelian-july-birthstone-earrings/13229380.html
40,Cariad Engraved Bar Ring,13229381,3SCAWER,£119.00,£71.40,https://www.clogauoutlet.co.uk/cariad-engraved-bar-ring/13229381.html
41,Damselfly Bracelet,13229393,3SDFBR05,£89.00,£53.40,https://www.clogauoutlet.co.uk/damselfly-bracelet/13229393.html
42,Damselfly Stud Earrings,13229394,3SDFE05,£89.00,£53.40,https://www.clogauoutlet.co.uk/damselfly-stud-earrings/13229394.html
43,Damselfly Pendant,13229395,3SDFP05,£99.00,£59.40,https://www.clogauoutlet.co.uk/damselfly-pendant/13229395.html
44,Damselfly Ring,13229396,3SDFR05,£69.00,£41.40,https://www.clogauoutlet.co.uk/damselfly-ring/13229396.html
45,Silver and Rose gold Tree Of Life Vine Pendant,13229402,3SDHP,£129.00,£77.40,https://www.clogauoutlet.co.uk/silver-and-rose-gold-tree-of-life-vine-pendant/13229402.html
46,Tree of Life Engraved Heart Locket,13229403,3SFCHLP2,£149.00,£89.40,https://www.clogauoutlet.co.uk/tree-of-life-engraved-heart-locket/13229403.html
47,Forget me Not Bracelet,13229404,3SFMNBR2,£159.00,£95.40,https://www.clogauoutlet.co.uk/forget-me-not-bracelet/13229404.html
48,Forget Me Not Stud Earrings,13229405,3SFMNE2,£219.00,£131.40,https://www.clogauoutlet.co.uk/forget-me-not-stud-earrings/13229405.html
49,Forget Me Not Pendant,13229406,3SFMNP2,£179.00,£107.40,https://www.clogauoutlet.co.uk/forget-me-not-pendant/13229406.html
50,Forget Me Not Ring,13229407,3SFMNR2,£149.00,£89.40,https://www.clogauoutlet.co.uk/forget-me-not-ring/13229407.html
51,Honey bee Honeycomb Heart Ring,13229413,3SHNBHR,£119.00,£71.40,https://www.clogauoutlet.co.uk/honey-bee-honeycomb-heart-ring/13229413.html
52,Lady Snowdon White Topaz Ring,13229425,3SLDSNR,£89.00,£53.40,https://www.clogauoutlet.co.uk/lady-snowdon-white-topaz-ring/13229425.html
53,Fairy Milestones Bead Charm,13229437,3SLLC321,£69.00,£41.40,https://www.clogauoutlet.co.uk/fairy-milestones-bead-charm/13229437.html
54,Glyn Rhosyn Milestones Bead Charm,13229438,3SLLC322,£59.00,£35.40,https://www.clogauoutlet.co.uk/glyn-rhosyn-milestones-bead-charm/13229438.html
55,Daffodil Milestones Bead Charm,13229439,3SLLC323,£59.00,£35.40,https://www.clogauoutlet.co.uk/daffodil-milestones-bead-charm/13229439.html
56,Safety Chain Milestones Bead Charm,13229440,3SLLC324,£79.00,£47.40,https://www.clogauoutlet.co.uk/safety-chain-milestones-bead-charm/13229440.html
57,Welsh Dragon Milestones Bead Charm,13229441,3SLLC325,£89.00,£53.40,https://www.clogauoutlet.co.uk/welsh-dragon-milestones-bead-charm/13229441.html
58,Cwtch Milestones Bead Charm,13229442,3SLLC326,£59.00,£35.40,https://www.clogauoutlet.co.uk/cwtch-milestones-bead-charm/13229442.html
59,Cwtch Enamel Barrel Charm,13229443,3SLLC331,£59.00,£35.40,https://www.clogauoutlet.co.uk/cwtch-enamel-barrel-charm/13229443.html
60,Heartstrings Milestones Bead Charm,13229444,3SLLC335,£69.00,£41.40,https://www.clogauoutlet.co.uk/heartstrings-milestones-bead-charm/13229444.html
61,Tree of Life Milestones Bead Charm,13229445,3SLLC336,£69.00,£41.40,https://www.clogauoutlet.co.uk/tree-of-life-milestones-bead-charm/13229445.html
62,Cariad Milestones Bead Charm,13229446,3SLLC338,£69.00,£41.40,https://www.clogauoutlet.co.uk/cariad-milestones-bead-charm/13229446.html
63,Ivy leaf Milestones Bead Charm,13229447,3SLLC340,£69.00,£41.40,https://www.clogauoutlet.co.uk/ivy-leaf-milestones-bead-charm/13229447.html
64,Suitcase Milestones Bead Charm,13229448,3SLLC341,£99.00,£59.40,https://www.clogauoutlet.co.uk/suitcase-milestones-bead-charm/13229448.html
65,Horseshoe Milestones Bead Charm,13229449,3SLLC342,£69.00,£41.40,https://www.clogauoutlet.co.uk/horseshoe-milestones-bead-charm/13229449.html
66,Elephant Milestones Bead Charm,13229450,3SLLC344,£69.00,£41.40,https://www.clogauoutlet.co.uk/elephant-milestones-bead-charm/13229450.html
67,Eternal love Heart Milestones Bead Charm,13229451,3SLLC345,£69.00,£41.40,https://www.clogauoutlet.co.uk/eternal-love-heart-milestones-bead-charm/13229451.html
68,Teddy Bear Milestones Bead Charm,13229452,3SLLC350,£79.00,£47.40,https://www.clogauoutlet.co.uk/teddy-bear-milestones-bead-charm/13229452.html
69,Butterfly Milestones Bead Charm,13229453,3SLLC354,£69.00,£41.40,https://www.clogauoutlet.co.uk/butterfly-milestones-bead-charm/13229453.html
70,Man in the Moon Milestones Bead Charm,13229454,3SLLC356,£69.00,£41.40,https://www.clogauoutlet.co.uk/man-in-the-moon-milestones-bead-charm/13229454.html
71,Starfish Milestones Bead Charm,13229455,3SLLC359,£99.00,£59.40,https://www.clogauoutlet.co.uk/starfish-milestones-bead-charm/13229455.html
72,Queen Bee Milestones Bead Charm,13229456,3SLLC361,£59.00,£35.40,https://www.clogauoutlet.co.uk/queen-bee-milestones-bead-charm/13229456.html
73,Shell Milestones Bead Charm,13229457,3SLLC368,£79.00,£47.40,https://www.clogauoutlet.co.uk/shell-milestones-bead-charm/13229457.html
74,One Heart Milestones Bead Charm,13229458,3SLLC373,£69.00,£41.40,https://www.clogauoutlet.co.uk/one-heart-milestones-bead-charm/13229458.html
75,Cariad Bead Charm,13229459,3SLLC4,£99.00,£59.40,https://www.clogauoutlet.co.uk/cariad-bead-charm/13229459.html
76,Sister Heart Charm,13229460,3SLLC562,£89.00,£53.40,https://www.clogauoutlet.co.uk/sister-heart-charm/13229460.html
77,Daughter Heart Charm,13229461,3SLLC563,£89.00,£53.40,https://www.clogauoutlet.co.uk/daughter-heart-charm/13229461.html
78,Mum Heart Charm,13229462,3SLLC564,£89.00,£53.40,https://www.clogauoutlet.co.uk/mum-heart-charm/13229462.html
79,Nan Milestones Bead Charm,13229463,3SLLC582,£89.00,£53.40,https://www.clogauoutlet.co.uk/nan-milestones-bead-charm/13229463.html
80,Red Kite Milestones Bead Charm,13229464,3SLLC584,£69.00,£41.40,https://www.clogauoutlet.co.uk/red-kite-milestones-bead-charm/13229464.html
81,Tree of Life Bow White Topaz Milestones Bead Charm,13229465,3SLLC610,£89.00,£53.40,https://www.clogauoutlet.co.uk/tree-of-life-bow-white-topaz-milestones-bead-charm/13229465.html
82,Tree of Life Vine Heart Milestones Bead Charm,13229466,3SLLC611,£79.00,£47.40,https://www.clogauoutlet.co.uk/tree-of-life-vine-heart-milestones-bead-charm/13229466.html
83,Take My Heart Milestones Bead Charm,13229467,3SLLC612,£69.00,£41.40,https://www.clogauoutlet.co.uk/take-my-heart-milestones-bead-charm/13229467.html
84,Cariad Heart Milestones Bead Charm,13229468,3SLLC613,£69.00,£41.40,https://www.clogauoutlet.co.uk/cariad-heart-milestones-bead-charm/13229468.html
85,Always In My Heart Milestones Bead Charm,13229469,3SLLC614,£59.00,£35.40,https://www.clogauoutlet.co.uk/always-in-my-heart-milestones-bead-charm/13229469.html
86,Honey Bee Honeycomb Heart Milestones Bead Charm,13229470,3SLLC625,£99.00,£59.40,https://www.clogauoutlet.co.uk/honey-bee-honeycomb-heart-milestones-bead-charm/13229470.html
87,Enfys Bach Milestones Bead Charm,13229471,3SLLC626,£89.00,£53.40,https://www.clogauoutlet.co.uk/enfys-bach-milestones-bead-charm/13229471.html
88,Gold 10pt Engagement Ring,13229472,CENG10W,£650.00,£390.00,https://www.clogauoutlet.co.uk/gold-10pt-engagement-ring/13229472.html
89,Tree of Life® Signet Ring,13229484,3SNTLSR,£99.00,£59.40,https://www.clogauoutlet.co.uk/tree-of-life-signet-ring/13229484.html
90,Close to my Heart Open Ring,13229504,3SOHHR,£139.00,£83.40,https://www.clogauoutlet.co.uk/close-to-my-heart-open-ring/13229504.html
91,Tree of Life Bangle,13229517,XXSMB,£199.00,£119.40,https://www.clogauoutlet.co.uk/tree-of-life-bangle/13229517.html
92,Tree of Life® Earrings,13229518,XXSME,£199.00,£119.40,https://www.clogauoutlet.co.uk/tree-of-life-earrings/13229518.html
93,Tree of Life Pendant,13229519,XXSMP,£219.00,£131.40,https://www.clogauoutlet.co.uk/tree-of-life-pendant/13229519.html
94,Tree of Life® Unity Ring,13229520,XXSMR,£149.00,£89.40,https://www.clogauoutlet.co.uk/tree-of-life-unity-ring/13229520.html
95,Small Fairy Locket,13229526,XXSTFLP,£149.00,£89.40,https://www.clogauoutlet.co.uk/small-fairy-locket/13229526.html
96,Tree of Life® Onyx Ring,13229527,3STLVOR,£129.00,£77.40,https://www.clogauoutlet.co.uk/tree-of-life-onyx-ring/13229527.html
97,Tree of Life Black Leather Bracelet,13229545,3STOLBLBR,£139.00,£83.40,https://www.clogauoutlet.co.uk/tree-of-life-black-leather-bracelet/13229545.html
98,Tree of Life Insignia Black Leather Bracelet,13229546,3STOLBLBR1,£139.00,£83.40,https://www.clogauoutlet.co.uk/tree-of-life-insignia-black-leather-bracelet/13229546.html
99,Tree of Life Cream Double Cord Bracelet,13229547,3STOLCLBR,£139.00,£83.40,https://www.clogauoutlet.co.uk/tree-of-life-cream-double-cord-bracelet/13229547.html
100,Tree of Life Cream Double Leather Bracelet,13229548,3STOLCLBR1,£139.00,£83.40,https://www.clogauoutlet.co.uk/tree-of-life-cream-double-leather-bracelet/13229548.html
101,Tree of Life Grey Double Cord Bracelet,13229549,3STOLGRBR,£139.00,£83.40,https://www.clogauoutlet.co.uk/tree-of-life-grey-double-cord-bracelet/13229549.html
102,Tree of Life Grey Double Leather Bracelet,13229550,3STOLGRBR1,£139.00,£83.40,https://www.clogauoutlet.co.uk/tree-of-life-grey-double-leather-bracelet/13229550.html
103,Ivy Leaf Pendant,13229551,IL06,£470.00,£282.00,https://www.clogauoutlet.co.uk/ivy-leaf-pendant/13229551.html
104,Ivy Leaf Ring,13229552,IL07,£280.00,£168.00,https://www.clogauoutlet.co.uk/ivy-leaf-ring/13229552.html
105,Ivy Leaf Stud Earrings,13229558,IL08,£169.00,£101.40,https://www.clogauoutlet.co.uk/ivy-leaf-stud-earrings/13229558.html
106,Ivy Leaf Bracelet,13229559,IL09,£300.00,£180.00,https://www.clogauoutlet.co.uk/ivy-leaf-bracelet/13229559.html
107,Daffodil Stud Earrings,13229560,DE3,£250.00,£150.00,https://www.clogauoutlet.co.uk/daffodil-stud-earrings/13229560.html
108,Daffodil Pendant,13229561,DP2,£500.00,£300.00,https://www.clogauoutlet.co.uk/daffodil-pendant/13229561.html
109,White and Yellow Gold Daisy Earrings,13229562,DYDSE,£169.00,£101.40,https://www.clogauoutlet.co.uk/white-and-yellow-gold-daisy-earrings/13229562.html
110,Daisy Pendant,13229563,DYP2,£480.00,£288.00,https://www.clogauoutlet.co.uk/daisy-pendant/13229563.html
111,Daisy Ring,13229564,DYR2,£320.00,£192.00,https://www.clogauoutlet.co.uk/daisy-ring/13229564.html
112,9ct White Gold Diamond Ring,13229570,WCDSR,£350.00,£210.00,https://www.clogauoutlet.co.uk/9ct-white-gold-diamond-ring/13229570.html
113,Garnet January Birthstone Pendant,13229582,3SMBP01,£139.00,£83.40,https://www.clogauoutlet.co.uk/garnet-january-birthstone-pendant/13229582.html
114,Amethyst February Birthstone Pendant,13229583,3SMBP02,£139.00,£83.40,https://www.clogauoutlet.co.uk/amethyst-february-birthstone-pendant/13229583.html
115,Zircon April Birthstone Pendant,13229584,3SMBP04,£139.00,£83.40,https://www.clogauoutlet.co.uk/zircon-april-birthstone-pendant/13229584.html
116,Emerald May Birthstone Pendant,13229585,3SMBP05,£139.00,£83.40,https://www.clogauoutlet.co.uk/emerald-may-birthstone-pendant/13229585.html
117,Moonstone June Birthstone Pendant,13229586,3SMBP06,£139.00,£83.40,https://www.clogauoutlet.co.uk/moonstone-june-birthstone-pendant/13229586.html
118,Peridot August Birthstone Pendant,13229587,3SMBP08,£139.00,£83.40,https://www.clogauoutlet.co.uk/peridot-august-birthstone-pendant/13229587.html
119,Agate September Birthstone Pendant,13229588,3SMBP09,£139.00,£83.40,https://www.clogauoutlet.co.uk/agate-september-birthstone-pendant/13229588.html
120,Fire Opal October Birthstone Pendant,13229589,3SMBP10,£139.00,£83.40,https://www.clogauoutlet.co.uk/fire-opal-october-birthstone-pendant/13229589.html
121,Citrine November Birthstone Pendant,13229590,3SMBP11,£139.00,£83.40,https://www.clogauoutlet.co.uk/citrine-november-birthstone-pendant/13229590.html
122,Topaz December Birthstone Pendant,13229591,3SMBP12,£139.00,£83.40,https://www.clogauoutlet.co.uk/topaz-december-birthstone-pendant/13229591.html
123,Aquamarine March Birthstone Pendant,13229592,3SMBP3,£139.00,£83.40,https://www.clogauoutlet.co.uk/aquamarine-march-birthstone-pendant/13229592.html
124,Carnelian July Birthstone Pendant,13229593,3SMBP7,£139.00,£83.40,https://www.clogauoutlet.co.uk/carnelian-july-birthstone-pendant/13229593.html
125,January Birthstone Milestones Bead Charm,13229594,3SMIL0019,£99.00,£59.40,https://www.clogauoutlet.co.uk/january-birthstone-milestones-bead-charm/13229594.html
126,February Birthstone Milestones Bead Charm,13229595,3SMIL0020,£99.00,£59.40,https://www.clogauoutlet.co.uk/february-birthstone-milestones-bead-charm/13229595.html
127,March Birthstone Milestones Bead Charm,13229596,3SMIL0021,£99.00,£59.40,https://www.clogauoutlet.co.uk/march-birthstone-milestones-bead-charm/13229596.html
128,April Birthstone Milestones Bead Charm,13229597,3SMIL0022,£99.00,£59.40,https://www.clogauoutlet.co.uk/april-birthstone-milestones-bead-charm/13229597.html
129,May Birthstone Milestones Bead Charm,13229598,3SMIL0023,£99.00,£59.40,https://www.clogauoutlet.co.uk/may-birthstone-milestones-bead-charm/13229598.html
130,June Birthstone Milestones Bead Charm,13229599,3SMIL0024,£99.00,£59.40,https://www.clogauoutlet.co.uk/june-birthstone-milestones-bead-charm/13229599.html
131,July Birthstone Milestones Bead Charm,13229600,3SMIL0025,£99.00,£59.40,https://www.clogauoutlet.co.uk/july-birthstone-milestones-bead-charm/13229600.html
132,August Birthstone Milestones Bead Charm,13229601,3SMIL0026,£99.00,£59.40,https://www.clogauoutlet.co.uk/august-birthstone-milestones-bead-charm/13229601.html
133,September Birthstone Milestones Bead Charm,13229602,3SMIL0027,£99.00,£59.40,https://www.clogauoutlet.co.uk/september-birthstone-milestones-bead-charm/13229602.html
134,October Birthstone Milestones Bead Charm,13229603,3SMIL0028,£99.00,£59.40,https://www.clogauoutlet.co.uk/october-birthstone-milestones-bead-charm/13229603.html
135,November Birthstone Milestones Bead Charm,13229604,3SMIL0029,£99.00,£59.40,https://www.clogauoutlet.co.uk/november-birthstone-milestones-bead-charm/13229604.html
136,December Birthstone Milestones Bead Charm,13229605,3SMIL0030,£99.00,£59.40,https://www.clogauoutlet.co.uk/december-birthstone-milestones-bead-charm/13229605.html
137,Take My Heart Banglet,13229606,3SNHBG2,£179.00,£107.40,https://www.clogauoutlet.co.uk/take-my-heart-banglet/13229606.html
138,Always In My Heart Bracelet,13229607,3SNHBR4,£109.00,£65.40,https://www.clogauoutlet.co.uk/always-in-my-heart-bracelet/13229607.html
139,Take My Heart Earrings,13229608,3SNHE2,£119.00,£71.40,https://www.clogauoutlet.co.uk/take-my-heart-earrings/13229608.html
140,Always In My Heart Earrings,13229609,3SNHE4,£159.00,£95.40,https://www.clogauoutlet.co.uk/always-in-my-heart-earrings/13229609.html
141,Take My Heart Pendant (Cariad),13229610,3SNHP2,£239.00,£143.40,https://www.clogauoutlet.co.uk/take-my-heart-pendant-(cariad)/13229610.html
142,Always In My Heart Pendant,13229611,3SNHP4,£300.00,£180.00,https://www.clogauoutlet.co.uk/always-in-my-heart-pendant/13229611.html
143,Take My Heart Wide Band Ring,13229612,3SNHR2,£99.00,£59.40,https://www.clogauoutlet.co.uk/take-my-heart-wide-band-ring/13229612.html
144,Always In My Heart Ring,13229624,3SNHR4,£79.00,£47.40,https://www.clogauoutlet.co.uk/always-in-my-heart-ring/13229624.html
145,Always In My Heart Stacking Ring,13229636,3SNHSR4,£69.00,£41.40,https://www.clogauoutlet.co.uk/always-in-my-heart-stacking-ring/13229636.html
146,Honey Bee Honeycomb Heart Affinity Bead Bracelet 16.5-17.5cm,13229648,3SBB107S,£99.00,£59.40,https://www.clogauoutlet.co.uk/honey-bee-honeycomb-heart-affinity-bead-bracelet-16-5-17-5cm/13229648.html
147,Tree of Life Vine Heart Affinity Bead Bracelet 16.5-17.5cm,13229649,3SBB131S,£119.00,£71.40,https://www.clogauoutlet.co.uk/tree-of-life-vine-heart-affinity-bead-bracelet-16-5-17-5cm/13229649.html
148,Tree of Life Insignia Affinity Bead Bracelet 16.5cm-17.5cm,13229652,3SBB42S,£99.00,£59.40,https://www.clogauoutlet.co.uk/tree-of-life-insignia-affinity-bead-bracelet-16-5cm-17-5cm/13229652.html
149,Tree of Life Bow Affinity Bead Bracelet 16.5-17.5cm,13229653,3SBB43S,£99.00,£59.40,https://www.clogauoutlet.co.uk/tree-of-life-bow-affinity-bead-bracelet-16-5-17-5cm/13229653.html
150,Triple Heart Affinity Bead Bracelet 16.5-17.5cm,13229655,3SBB45S,£149.00,£89.40,https://www.clogauoutlet.co.uk/triple-heart-affinity-bead-bracelet-16-5-17-5cm/13229655.html
151,Always In My Heart Affinity Bead Bracelet 16.5-17.5cm,13229656,3SBB46S,£89.00,£53.40,https://www.clogauoutlet.co.uk/always-in-my-heart-affinity-bead-bracelet-16-5-17-5cm/13229656.html
152,Lock and Key Affinity Bead Bracelet 16.5-17.5cm,13229658,3SBB49S,£139.00,£83.40,https://www.clogauoutlet.co.uk/lock-and-key-affinity-bead-bracelet-16-5-17-5cm/13229658.html
153,Honey Bee Stud Earrings,13229659,3SQNBE,£89.00,£53.40,https://www.clogauoutlet.co.uk/honey-bee-stud-earrings/13229659.html
154,Honey Bee Pendant,13229660,3SQNBP,£119.00,£71.40,https://www.clogauoutlet.co.uk/honey-bee-pendant/13229660.html
155,Honey Bee Ring,13229661,3SQNBR,£79.00,£47.40,https://www.clogauoutlet.co.uk/honey-bee-ring/13229661.html
156,Red Kite Banglet,13229667,3SRKNBG,£129.00,£77.40,https://www.clogauoutlet.co.uk/red-kite-banglet/13229667.html
157,Red Kite Necklace,13229668,3SRKP04,£109.00,£65.40,https://www.clogauoutlet.co.uk/red-kite-necklace/13229668.html
158,Ripples Stud Earrings,13229669,3SRPE01,£139.00,£83.40,https://www.clogauoutlet.co.uk/ripples-stud-earrings/13229669.html
159,Tree of Life® Vine Heart Ring,13229670,3SSDHR,£139.00,£83.40,https://www.clogauoutlet.co.uk/tree-of-life-vine-heart-ring/13229670.html
160,Tree of Life® Vine Heart Stud Earrings,13229682,3SSDHSE,£109.00,£65.40,https://www.clogauoutlet.co.uk/tree-of-life-vine-heart-stud-earrings/13229682.html
161,Tree of Life Fairy Bracelet,13229683,3STFLBR2,£119.00,£71.40,https://www.clogauoutlet.co.uk/tree-of-life-fairy-bracelet/13229683.html
162,Fairy Earrings,13229684,3STFLE,£129.00,£77.40,https://www.clogauoutlet.co.uk/fairy-earrings/13229684.html
163,Tree of Life® Insignia Capstone Ring,13229685,3STLICR,£159.00,£95.40,https://www.clogauoutlet.co.uk/tree-of-life-insignia-capstone-ring/13229685.html
164,Through These Eyes Bangle,13229697,STB001,£270.00,£162.00,https://www.clogauoutlet.co.uk/through-these-eyes-bangle/13229697.html
165,Through These Eyes Earrings,13229698,STE001,£169.00,£101.40,https://www.clogauoutlet.co.uk/through-these-eyes-earrings/13229698.html
166,Through These Eyes Pendant,13229699,STP001,£249.00,£149.40,https://www.clogauoutlet.co.uk/through-these-eyes-pendant/13229699.html
167,Silver and Rose Gold Heart of Wales Pendant,13229700,SWH2,£149.00,£89.40,https://www.clogauoutlet.co.uk/silver-and-rose-gold-heart-of-wales-pendant/13229700.html
168,Silver and Rose Gold Heart of Wales Earrings,13229701,SWH3,£119.00,£71.40,https://www.clogauoutlet.co.uk/silver-and-rose-gold-heart-of-wales-earrings/13229701.html
169,Tree of Life® 4mm Band Ring,13229702,XX3SCTOLR5,£99.00,£59.40,https://www.clogauoutlet.co.uk/tree-of-life-4mm-band-ring/13229702.html
170,Tudor Court Peridot Ring,13229720,XX3STDCPR,£119.00,£71.40,https://www.clogauoutlet.co.uk/tudor-court-peridot-ring/13229720.html
171,Tree of Life® White Topaz Ring,13229732,XX3STLLER1,£99.00,£59.40,https://www.clogauoutlet.co.uk/tree-of-life-white-topaz-ring/13229732.html
172,Tree of Life® Bow White Topaz Earrings,13229744,XX3STOLBE3,£119.00,£71.40,https://www.clogauoutlet.co.uk/tree-of-life-bow-white-topaz-earrings/13229744.html
173,Tree of Life Bow White Topaz Bracelet,13229745,XX3STOLBMB3,£119.00,£71.40,https://www.clogauoutlet.co.uk/tree-of-life-bow-white-topaz-bracelet/13229745.html
174,Tree of Life Bow White Topaz Pendant,13229746,XX3STOLBP3,£159.00,£95.40,https://www.clogauoutlet.co.uk/tree-of-life-bow-white-topaz-pendant/13229746.html
175,Tree of Life® Bow White Topaz Ring,13229747,XX3STOLBWR3,£109.00,£65.40,https://www.clogauoutlet.co.uk/tree-of-life-bow-white-topaz-ring/13229747.html
176,Tree of Life® Tahitian Pearl Stud Earrings,13469299,18TLTHE,"£1,050.00",£630.00,https://www.clogauoutlet.co.uk/jewellery-clothing-women-acc/tree-of-life-tahitian-pearl-stud-earrings/13469299.html
177,Clogau Tree of Life Tahitian Pearl Pendant,13469300,18TLTHP,"£1,150.00",£690.00,https://www.clogauoutlet.co.uk/jewellery-clothing-women-acc/clogau-tree-of-life-tahitian-pearl-pendant/13469300.html
178,Tree of Life® Tahitian Pearl Ring - Rose Gold,13469301,18TLTHR,"£1,250.00",£750.00,https://www.clogauoutlet.co.uk/tree-of-life-tahitian-pearl-ring-rose-gold/13469301.html
179,Welsh Royalty Ring,13469313,3SACHR,£99.00,£59.40,https://www.clogauoutlet.co.uk/welsh-royalty-ring-sterling-silver-gold/13469313.html
180,Hope House Anchor Stud Earrings,13469324,3SACTLE,£129.00,£77.40,https://www.clogauoutlet.co.uk/jewellery-clothing-women-acc/hope-house-anchor-stud-earrings/13469324.html
181,Clogau Hope House Anchor Pendant,13469325,3SACTLP,£149.00,£89.40,https://www.clogauoutlet.co.uk/jewellery-clothing-women-acc/clogau-hope-house-anchor-pendant/13469325.html
182,Affinity Stacking Ring,13469326,3SAFSR,£79.00,£47.40,https://www.clogauoutlet.co.uk/affinity-stacking-ring-sterling-silver-gold/13469326.html
183,Awelon Drop Earrings,13469338,3SALWCDE,£169.00,£101.40,https://www.clogauoutlet.co.uk/jewellery-clothing-women-acc/awelon-drop-earrings/13469338.html
184,Clogau Looking Glass Pendant,13469339,3SALWP3,£149.00,£89.40,https://www.clogauoutlet.co.uk/jewellery-clothing-women-acc/clogau-looking-glass-pendant/13469339.html
185,Looking Glass Ring,13469340,3SALWR3,£109.00,£65.40,https://www.clogauoutlet.co.uk/looking-glass-ring-sterling-silver-gold/13469340.html
186,Looking Glass Stud Earrings,13469352,3SALWSE3,£119.00,£71.40,https://www.clogauoutlet.co.uk/jewellery-clothing-women-acc/looking-glass-stud-earrings/13469352.html
187,Clogau Salacia Pendant,13469353,3SARPP,£149.00,£89.40,https://www.clogauoutlet.co.uk/jewellery-clothing-women-acc/clogau-salacia-pendant/13469353.html
188,Salacia Ring,13469354,3SARPR,£119.00,£71.40,https://www.clogauoutlet.co.uk/salacia-ring-sterling-silver-gold/13469354.html
189,Awelon Affinity Peridot Stacking Ring,13469366,3SAWSR,£169.00,£101.40,https://www.clogauoutlet.co.uk/awelon-affinity-peridot-stacking-ring-sterling-silver-gold/13469366.html
190,Clogau Tree of Life Affinity Bead Bracelet 17-18cm,13469377,3SBB13,£119.00,£71.40,https://www.clogauoutlet.co.uk/jewellery-clothing-women-acc/clogau-tree-of-life-affinity-bead-bracelet-17-18cm/13469377.html
191,Clogau Tree of Life Affinity Bead Bracelet 16-16.5cm,13469378,3SBB13S,£119.00,£71.40,https://www.clogauoutlet.co.uk/jewellery-clothing-women-acc/clogau-tree-of-life-affinity-bead-bracelet-16-16.5cm/13469378.html
192,Clogau Hummingbird Affinity Bead Bracelet 17-18cm,13469381,3SBB30,£109.00,£65.40,https://www.clogauoutlet.co.uk/jewellery-clothing-women-acc/clogau-hummingbird-affinity-bead-bracelet-17-18cm/13469381.html
193,Clogau Lamb Affinity Bead Bracelet 17-18cm,13469382,3SBB48,£99.00,£59.40,https://www.clogauoutlet.co.uk/jewellery-clothing-women-acc/clogau-lamb-affinity-bead-bracelet-17-18cm/13469382.html
194,Clogau Tudor Court Affinity Bead Bracelet 17-18cm,13469384,3SBB58,£119.00,£71.40,https://www.clogauoutlet.co.uk/jewellery-clothing-women-acc/clogau-tudor-court-affinity-bead-bracelet-17-18cm/13469384.html
195,Clogau Tudor Court Affinity Bead Bracelet 16-16.5cm,13469385,3SBB58S,£119.00,£71.40,https://www.clogauoutlet.co.uk/jewellery-clothing-women-acc/clogau-tudor-court-affinity-bead-bracelet-16-16.5cm/13469385.html
196,Cariad Ring,13469386,3SCCLR2,£119.00,£71.40,https://www.clogauoutlet.co.uk/cariad-ring-sterling-silver-gold/13469386.html
197,Clogau Onyx Cufflinks,13469399,3SCL03,£169.00,£101.40,https://www.clogauoutlet.co.uk/jewellery-clothing-women-acc/clogau-onyx-cufflinks/13469399.html
198,Clogau Eternal Barrel Pendant,13469400,3SCMGHP,£139.00,£83.40,https://www.clogauoutlet.co.uk/jewellery-clothing-women-acc/clogau-eternal-barrel-pendant/13469400.html
199,Clogau Annwyl Cufflinks,13469401,3SCWCL,£219.00,£131.40,https://www.clogauoutlet.co.uk/jewellery-clothing-women-acc/clogau-annwyl-cufflinks/13469401.html
200,Dinas Emrys Earrings,13469402,3SDRLDE,£260.00,£156.00,https://www.clogauoutlet.co.uk/jewellery-clothing-women-acc/dinas-emrys-earrings/13469402.html
201,Clogau Dinas Emrys Pendant,13469403,3SDRLP,£239.00,£143.40,https://www.clogauoutlet.co.uk/jewellery-clothing-women-acc/clogau-dinas-emrys-pendant/13469403.html
202,Dinas Emrys Ring,13469404,3SDRLR,£169.00,£101.40,https://www.clogauoutlet.co.uk/dinas-emrys-ring-sterling-silver-gold/13469404.html
203,Clogau Daffodil Lapel Pin,13469416,3SDSP4,£99.00,£59.40,https://www.clogauoutlet.co.uk/jewellery-clothing-women-acc/clogau-daffodil-lapel-pin/13469416.html
204,Clogau Ebb and Flow Pendant,13469417,3SEBFP,£250.00,£150.00,https://www.clogauoutlet.co.uk/jewellery-clothing-women-acc/clogau-ebb-and-flow-pendant/13469417.html
205,Ebb and Flow Ring,13469418,3SEBFR,£219.00,£131.40,https://www.clogauoutlet.co.uk/ebb-and-flow-ring-sterling-silver-gold/13469418.html
206,Ebb and Flow Earrings,13469430,3SEBFSE,£280.00,£168.00,https://www.clogauoutlet.co.uk/jewellery-clothing-women-acc/ebb-and-flow-earrings/13469430.html
207,Welsh Royalty Stud Earrings,13469431,3SEDE4,£139.00,£83.40,https://www.clogauoutlet.co.uk/jewellery-clothing-women-acc/welsh-royalty-stud-earrings/13469431.html
208,Clogau Welsh Royalty Pendant,13469432,3SEDP4,£169.00,£101.40,https://www.clogauoutlet.co.uk/jewellery-clothing-women-acc/clogau-welsh-royalty-pendant/13469432.html
209,Welsh Royalty Ring,13469433,3SEDR1,£250.00,£150.00,https://www.clogauoutlet.co.uk/welsh-royalty-ring-sterling-silver-gold/13469433.html
210,Tree of Life® Origin Earrings,13469451,3SENGTOLE,£129.00,£77.40,https://www.clogauoutlet.co.uk/jewellery-clothing-women-acc/tree-of-life-origin-earrings/13469451.html
211,Clogau Violet Pendant,13469452,3SFFLP8,£139.00,£83.40,https://www.clogauoutlet.co.uk/jewellery-clothing-women-acc/clogau-violet-pendant/13469452.html
212,Heartstrings Earrings,13469453,3SHSE01,£89.00,£53.40,https://www.clogauoutlet.co.uk/jewellery-clothing-women-acc/heartstrings-earrings/13469453.html
213,Hummingbird Stud Earrings,13469454,3SHUBRE,£119.00,£71.40,https://www.clogauoutlet.co.uk/jewellery-clothing-women-acc/hummingbird-stud-earrings/13469454.html
214,Wru I Am Wales Ring,13469455,3SIAWR02,£189.00,£113.40,https://www.clogauoutlet.co.uk/wru-i-am-wales-ring-sterling-silver-gold/13469455.html
215,Clogau I Am Wales Rugby Ball Cufflinks,13469467,3SIAWRBCL,£310.00,£186.00,https://www.clogauoutlet.co.uk/jewellery-clothing-women-acc/clogau-i-am-wales-rugby-ball-cufflinks/13469467.html
216,Clogau Out of This World Inner Charm Pendant,13469468,3SICLP25,£219.00,£131.40,https://www.clogauoutlet.co.uk/jewellery-clothing-women-acc/clogau-out-of-this-world-inner-charm-pendant/13469468.html
217,Clogau Awelon Inner Charm Pendant,13469469,3SICLP26,£199.00,£119.40,https://www.clogauoutlet.co.uk/jewellery-clothing-women-acc/clogau-awelon-inner-charm-pendant/13469469.html
218,Clogau Hot Air Balloon Journey Pendant,13469470,3SJRHBP,£199.00,£119.40,https://www.clogauoutlet.co.uk/jewellery-clothing-women-acc/clogau-hot-air-balloon-journey-pendant/13469470.html
219,Clogau Globe Journey Pendant,13469471,3SJRLGP,£189.00,£113.40,https://www.clogauoutlet.co.uk/jewellery-clothing-women-acc/clogau-globe-journey-pendant/13469471.html
220,Clogau Ships Wheel Journey Pendant,13469472,3SJRSWP,£179.00,£107.40,https://www.clogauoutlet.co.uk/jewellery-clothing-women-acc/clogau-ships-wheel-journey-pendant/13469472.html
221,Clogau Tree of Life Clover Pendant,13469473,3SLKP,£219.00,£131.40,https://www.clogauoutlet.co.uk/jewellery-clothing-women-acc/clogau-tree-of-life-clover-pendant/13469473.html
222,Tree of Life® Clover Stud Earrings,13469474,3SLKSE,£129.00,£77.40,https://www.clogauoutlet.co.uk/jewellery-clothing-women-acc/tree-of-life-clover-stud-earrings/13469474.html
223,Clogau White Topaz Star Milestones Bead Charm,13469475,3SLLC267,£109.00,£65.40,https://www.clogauoutlet.co.uk/jewellery-clothing-women-acc/clogau-white-topaz-star-milestones-bead-charm/13469475.html
224,Clogau Welsh Poppy Milestones Bead Charm,13469476,3SLLC332,£169.00,£101.40,https://www.clogauoutlet.co.uk/jewellery-clothing-women-acc/clogau-welsh-poppy-milestones-bead-charm/13469476.html
225,Clogau Cwtch Milestones Bead Charm,13469477,3SLLC509,£99.00,£59.40,https://www.clogauoutlet.co.uk/jewellery-clothing-women-acc/clogau-cwtch-milestones-bead-charm/13469477.html
226,Clogau Cariad Milestones Bead Charm,13469478,3SLLC63,£89.00,£53.40,https://www.clogauoutlet.co.uk/jewellery-clothing-women-acc/clogau-cariad-milestones-bead-charm/13469478.html
227,Tree of Life® Love Vine Drop Earrings,13469479,3SLVNE,£109.00,£65.40,https://www.clogauoutlet.co.uk/jewellery-clothing-women-acc/tree-of-life-love-vine-drop-earrings/13469479.html
228,Tree of Life® Love Vine Ring,13469480,3SLVNR,£89.00,£53.40,https://www.clogauoutlet.co.uk/tree-of-life-love-vine-ring-sterling-silver-gold/13469480.html
229,Clogau Snowdrop Pendant,13469489,3SLWFP2,£139.00,£83.40,https://www.clogauoutlet.co.uk/jewellery-clothing-women-acc/clogau-snowdrop-pendant/13469489.html
230,Clogau Leather Bracelet,13469490,3SMTBCBR,£250.00,£150.00,https://www.clogauoutlet.co.uk/jewellery-clothing-women-acc/clogau-leather-bracelet/13469490.html
231,Clogau Triple Charm Bracelet,13469491,3SMTCBR,£219.00,£131.40,https://www.clogauoutlet.co.uk/jewellery-clothing-women-acc/clogau-triple-charm-bracelet/13469491.html
232,Clogau Twist Bangle,13469492,3SMTSBG,£300.00,£180.00,https://www.clogauoutlet.co.uk/jewellery-clothing-women-acc/clogau-twist-bangle/13469492.html
233,Lady Snowdon Stud Earrings,13469493,3SNLE,£159.00,£95.40,https://www.clogauoutlet.co.uk/jewellery-clothing-women-acc/lady-snowdon-stud-earrings/13469493.html
234,Lady Snowdon Ring,13469494,3SNLR,£149.00,£89.40,https://www.clogauoutlet.co.uk/lady-snowdon-ring-sterling-silver-gold/13469494.html
235,Clogau Tree of Life Aventurine Pendant,13469505,3SNTLCAP,£149.00,£89.40,https://www.clogauoutlet.co.uk/jewellery-clothing-women-acc/clogau-tree-of-life-aventurine-pendant/13469505.html
236,Tree of Life® One Ring,13469506,3SONR4,£99.00,£59.40,https://www.clogauoutlet.co.uk/tree-of-life-one-ring-sterling-silver-gold/13469506.html
237,Out of This World Drop Earrings,13469518,3SOTWE,£149.00,£89.40,https://www.clogauoutlet.co.uk/jewellery-clothing-women-acc/out-of-this-world-drop-earrings/13469518.html
238,Out of This World Ring,13469519,3SOTWR1,£149.00,£89.40,https://www.clogauoutlet.co.uk/out-of-this-world-ring-sterling-silver-gold/13469519.html
239,Clogau Welsh Royalty Anniversary White Topaz Pendant,13469531,3SQAP,£119.00,£71.40,https://www.clogauoutlet.co.uk/jewellery-clothing-women-acc/clogau-welsh-royalty-anniversary-white-topaz-pendant/13469531.html
240,Royal Crown Ring,13469532,3SRCSR,£129.00,£77.40,https://www.clogauoutlet.co.uk/royal-crown-ring-sterling-silver-gold/13469532.html
241,Tudor Court Earrings,13469545,3STDCDE,£169.00,£101.40,https://www.clogauoutlet.co.uk/jewellery-clothing-women-acc/tudor-court-earrings/13469545.html
242,Clogau Tudor Court Pendant,13469546,3STDCP,£169.00,£101.40,https://www.clogauoutlet.co.uk/jewellery-clothing-women-acc/clogau-tudor-court-pendant/13469546.html
243,Tudor Court Ring,13469547,3STDCR,£99.00,£59.40,https://www.clogauoutlet.co.uk/tudor-court-ring-sterling-silver-gold/13469547.html
244,Clogau Tree of Life Cross Pendant,13469559,3STLCDP,£119.00,£71.40,https://www.clogauoutlet.co.uk/jewellery-clothing-women-acc/clogau-tree-of-life-cross-pendant/13469559.html
245,Heart of Wales Ring,13469560,3STLPBR,£209.00,£125.40,https://www.clogauoutlet.co.uk/heart-of-wales-ring-sterling-silver-gold/13469560.html
246,Tree of Life® Vine Ring,13469572,3STLWPVR,£119.00,£71.40,https://www.clogauoutlet.co.uk/tree-of-life-vine-ring-sterling-silver-gold/13469572.html
247,Clogau Tree of Life Cufflinks,13469582,3STOLCL,£169.00,£101.40,https://www.clogauoutlet.co.uk/jewellery-clothing-women-acc/clogau-tree-of-life-cufflinks/13469582.html
248,Clogau Tree of Life Diamond Cufflinks,13469583,3STOLDCL,£260.00,£156.00,https://www.clogauoutlet.co.uk/jewellery-clothing-women-acc/clogau-tree-of-life-diamond-cufflinks/13469583.html
249,Tree of Life® Drop Earrings,13469584,3STOLEE,£139.00,£83.40,https://www.clogauoutlet.co.uk/jewellery-clothing-women-acc/tree-of-life-drop-earrings/13469584.html
250,Clogau Tree of Life Pendant,13469585,3STOLEP,£169.00,£101.40,https://www.clogauoutlet.co.uk/jewellery-clothing-women-acc/clogau-tree-of-life-pendant/13469585.html
251,Clogau Tree of Life Insignia Cufflinks,13469586,3STOLMNCL,£229.00,£137.40,https://www.clogauoutlet.co.uk/jewellery-clothing-women-acc/clogau-tree-of-life-insignia-cufflinks/13469586.html
252,Tree of Life® Insignia Stud Earrings,13469587,3STOLMNE,£99.00,£59.40,https://www.clogauoutlet.co.uk/jewellery-clothing-women-acc/tree-of-life-insignia-stud-earrings/13469587.html
253,Clogau Tree of Life Insignia Friendship Bracelet,13469588,3STOLMNFBR,£119.00,£71.40,https://www.clogauoutlet.co.uk/jewellery-clothing-women-acc/clogau-tree-of-life-insignia-friendship-bracelet/13469588.html
254,Clogau Tree of Life Insignia Pendant,13469589,3STOLMNP,£159.00,£95.40,https://www.clogauoutlet.co.uk/jewellery-clothing-women-acc/clogau-tree-of-life-insignia-pendant/13469589.html
255,Tree of Life® Pearl Drop Earrings,13469590,3STOLPE5,£99.00,£59.40,https://www.clogauoutlet.co.uk/jewellery-clothing-women-acc/tree-of-life-pearl-drop-earrings/13469590.html
256,Clogau Tree of Life Pearl Pendant,13469591,3STOLPP4,£119.00,£71.40,https://www.clogauoutlet.co.uk/jewellery-clothing-women-acc/clogau-tree-of-life-pearl-pendant/13469591.html
257,Tree of Life® White Topaz Earrings,13469592,3STOLQE,£149.00,£89.40,https://www.clogauoutlet.co.uk/jewellery-clothing-women-acc/tree-of-life-white-topaz-earrings/13469592.html
258,Clogau Tree of Life White Topaz Pendant,13469593,3STOLQP,£169.00,£101.40,https://www.clogauoutlet.co.uk/jewellery-clothing-women-acc/clogau-tree-of-life-white-topaz-pendant/13469593.html
259,Tree of Life® Vine Ring,13469594,3STOLVR,£99.00,£59.40,https://www.clogauoutlet.co.uk/jewellery-clothing-women-acc/tree-of-life-vine-ring/13469594.html
260,Clogau Welsh Dragon Lapel Pin,13469616,3SWDRLP,£119.00,£71.40,https://www.clogauoutlet.co.uk/jewellery-clothing-women-acc/clogau-welsh-dragon-lapel-pin/13469616.html
261,Welsh Poppy Ring,13469617,3SWPR1,£179.00,£107.40,https://www.clogauoutlet.co.uk/welsh-poppy-ring-sterling-silver-gold/13469617.html
262,Welsh Royalty Signet Ring,13469629,3SWRSR,£129.00,£77.40,https://www.clogauoutlet.co.uk/welsh-royalty-signet-ring-sterling-silver-gold/13469629.html
263,Clogau Welsh Rugby Union Milestones Bead Charm,13469644,3SWRURBC,£79.00,£47.40,https://www.clogauoutlet.co.uk/jewellery-clothing-women-acc/clogau-welsh-rugby-union-milestones-bead-charm/13469644.html
264,Clogau Welsh Rugby Union Red Leather Bracelet,13469645,3SWRURLBR,£229.00,£137.40,https://www.clogauoutlet.co.uk/jewellery-clothing-women-acc/clogau-welsh-rugby-union-red-leather-bracelet/13469645.html
265,Clogau Tree of Life Watch,13469646,4STCLW47,£350.00,£210.00,https://www.clogauoutlet.co.uk/jewellery-clothing-women-acc/clogau-tree-of-life-watch/13469646.html
266,Annwyl Celtic 5mm Ring,13469647,CWED5,£500.00,£300.00,https://www.clogauoutlet.co.uk/annwyl-celtic-5mm-ring-rose-gold/13469647.html
267,Clogau Bohemia Pendant,13469658,FDLP5,£520.00,£312.00,https://www.clogauoutlet.co.uk/jewellery-clothing-women-acc/clogau-bohemia-pendant/13469658.html
268,Bohemia Ring,13469659,FDLR5,£260.00,£156.00,https://www.clogauoutlet.co.uk/bohemia-ring-rose-gold/13469659.html
269,Bohemia Stud Earrings,13469671,FDLSE5,£340.00,£204.00,https://www.clogauoutlet.co.uk/jewellery-clothing-women-acc/bohemia-stud-earrings/13469671.html
270,Fairy Drop Earrings,13469672,FRZDE,£350.00,£210.00,https://www.clogauoutlet.co.uk/jewellery-clothing-women-acc/fairy-drop-earrings/13469672.html
271,Honey Bee Stud Earrings,13469673,HNCBE,£350.00,£210.00,https://www.clogauoutlet.co.uk/jewellery-clothing-women-acc/honey-bee-stud-earrings/13469673.html
272,Lovespoons Ring,13469674,LSPR,£390.00,£234.00,https://www.clogauoutlet.co.uk/lovespoons-ring-gold/13469674.html
273,Jewel Bloom Earrings,13469685,MGE,£500.00,£300.00,https://www.clogauoutlet.co.uk/jewellery-clothing-women-acc/jewel-bloom-earrings/13469685.html
274,Clogau Jewel Bloom Pendant,13469686,MGP,£640.00,£384.00,https://www.clogauoutlet.co.uk/jewellery-clothing-women-acc/clogau-jewel-bloom-pendant/13469686.html
275,Jewel Bloom Ring,13469687,MGR,£540.00,£324.00,https://www.clogauoutlet.co.uk/jewel-bloom-ring-rose-gold/13469687.html
276,Tree of Life® Heart Stud Earrings - Rose Gold,13469699,TLHE7,£300.00,£180.00,https://www.clogauoutlet.co.uk/jewellery-clothing-women-acc/tree-of-life-heart-stud-earrings-rose-gold/13469699.html
277,Clogau Tree of Life Heart Pendant - Rose Gold,13469700,TLHP7,£480.00,£288.00,https://www.clogauoutlet.co.uk/jewellery-clothing-women-acc/clogau-tree-of-life-heart-pendant-rose-gold/13469700.html
278,Tree of Life® Half Hoop Earrings - Rose Gold,13469701,TOLCE2,£280.00,£168.00,https://www.clogauoutlet.co.uk/jewellery-clothing-women-acc/tree-of-life-half-hoop-earrings-rose-gold/13469701.html
279,Clogau Tree of Life Circle Pendant - Rose Gold,13469702,TOLCP2,£510.00,£306.00,https://www.clogauoutlet.co.uk/jewellery-clothing-women-acc/clogau-tree-of-life-circle-pendant-rose-gold/13469702.html
280,Tree of Life® Pearl Earrings,13469703,TOLCPE2,£330.00,£198.00,https://www.clogauoutlet.co.uk/jewellery-clothing-women-acc/tree-of-life-pearl-earrings/13469703.html
281,Tree of Life® Circle Stud Earrings - Rose Gold,13469704,TOLE7,£239.00,£143.40,https://www.clogauoutlet.co.uk/jewellery-clothing-women-acc/tree-of-life-circle-stud-earrings-rose-gold/13469704.html
282,Tree of Life® Ring - Rose Gold,13469705,TOLER2,£330.00,£198.00,https://www.clogauoutlet.co.uk/tree-of-life-ring-rose-gold/13469705.html
283,Clogau Tree of Life Circle Pendant - Rose Gold,13469717,TOLP7,£440.00,£264.00,https://www.clogauoutlet.co.uk/jewellery-clothing-women-acc/clogau-tree-of-life-circle-pendant-rose-gold/13469717.html
284,Tree of Life® Ring - Rose Gold,13469718,TOLR4,£500.00,£300.00,https://www.clogauoutlet.co.uk/tree-of-life-ring-rose-gold/13469718.html
285,Welsh Poppy Diamond and Ruby Ring - Rose Gold,13469727,WPPR,£460.00,£276.00,https://www.clogauoutlet.co.uk/welsh-poppy-diamond-and-ruby-ring-rose-gold/13469727.html
286,Tree of Life® Sapphire and Topaz Stud Earrings - Silver,13469738,XX3STOLE05,£139.00,£83.40,https://www.clogauoutlet.co.uk/jewellery-clothing-women-acc/tree-of-life-sapphire-and-topaz-stud-earrings-silver/13469738.html
287,Gold Wishbone Wedding Ring,13469739,CENGWR,£290.00,£174.00,https://www.clogauoutlet.co.uk/jewellery-clothing-women-acc/gold-wishbone-wedding-ring/13469739.html
288,2mm Court Shaped 20pt Diamond Engagement Ring,13469751,WCD20ENG,£900.00,£540.00,https://www.clogauoutlet.co.uk/jewellery-clothing-women-acc/2mm-court-shaped-20pt-diamond-engagement-ring/13469751.html
289,2mm Court Shaped Wedding Ring,13469763,WCSWR,£310.00,£186.00,https://www.clogauoutlet.co.uk/jewellery-clothing-women-acc/2mm-court-shaped-wedding-ring/13469763.html
290,Clogau Clogau 1854 Welsh Royalty Pendant,13525122,1854WRRP1,"£1,850.00","£1,110.00",https://www.clogauoutlet.co.uk/jewellery-clothing-women-acc/clogau-clogau-1854-welsh-royalty-pendant/13525122.html
291,Clogau Tree of Life Tie Clip,13525123,3STOLTC1,£119.00,£71.40,https://www.clogauoutlet.co.uk/jewellery-clothing-women-acc/clogau-tree-of-life-tie-clip/13525123.html
292,Tree of Life® Hoop Earrings (Small),13525124,ILHE(S),£440.00,£264.00,https://www.clogauoutlet.co.uk/jewellery-clothing-women-acc/tree-of-life-hoop-earrings-small/13525124.html
293,Clogau 1854 Tree of Life Pendant,13525125,1854TOLP1,"£1,850.00","£1,110.00",https://www.clogauoutlet.co.uk/jewellery-clothing-women-acc/clogau-1854-tree-of-life-pendant/13525125.html
294,Clogau Tree of Life Pearl Pendant,13525126,TOLPP6,£350.00,£210.00,https://www.clogauoutlet.co.uk/jewellery-clothing-women-acc/clogau-tree-of-life-pearl-pendant/13525126.html
295,1854 18ct Gold 2mm Wedding Ring,13525127,1854WED2,£660.00,£396.00,https://www.clogauoutlet.co.uk/jewellery-clothing-women-acc/1854-18ct-gold-2mm-wedding-ring/13525127.html
296,3mm Windsor Wedding Ring,13525137,18WED3DR,£880.00,£528.00,https://www.clogauoutlet.co.uk/jewellery-clothing-women-acc/3mm-windsor-wedding-ring/13525137.html
297,4mm Windsor Wedding Ring,13525145,18WED4DR,"£1,100.00",£660.00,https://www.clogauoutlet.co.uk/jewellery-clothing-women-acc/4mm-windsor-wedding-ring/13525145.html
298,5mm Windsor Wedding Ring,13525157,18WED5DR,"£1,320.00",£792.00,https://www.clogauoutlet.co.uk/clothing-accessories/5mm-windsor-wedding-ring/13525157.html
299,18ct Rose Gold Tree of Life® Wedding Ring,13525165,18WEDT5R,"£1,210.00",£726.00,https://www.clogauoutlet.co.uk/jewellery-clothing-women-acc/18ct-rose-gold-tree-of-life-wedding-ring/13525165.html
300,18ct White Gold Tree of Life® Wedding Ring,13525180,18WEDT5W,"£1,210.00",£726.00,https://www.clogauoutlet.co.uk/jewellery-clothing-women-acc/18ct-white-gold-tree-of-life-wedding-ring/13525180.html
301,18ct Gold Tree of Life® Wedding Ring,13525192,18WEDT5Y,"£1,210.00",£726.00,https://www.clogauoutlet.co.uk/jewellery-clothing-women-acc/18ct-gold-tree-of-life-wedding-ring/13525192.html
302,3mm Windsor Wedding Ring - Platinum,13525202,PTWED3D,None,None,https://www.clogauoutlet.co.uk/jewellery-clothing-women-acc/3mm-windsor-wedding-ring-platinum/13525202.html
303,2mm Windsor Wedding Ring,13525208,WED2DR,£230.00,£138.00,https://www.clogauoutlet.co.uk/jewellery-clothing-women-acc/2mm-windsor-wedding-ring/13525208.html
304,Tree of Life® Wedding Ring - Rose Gold,13525218,WEDT5R,£550.00,£330.00,https://www.clogauoutlet.co.uk/jewellery-clothing-women-acc/tree-of-life-wedding-ring-rose-gold/13525218.html
305,Tree of Life® Wedding Ring - White Gold,13525231,WEDT5W,£550.00,£330.00,https://www.clogauoutlet.co.uk/jewellery-clothing-women-acc/tree-of-life-wedding-ring-white-gold/13525231.html
306,Signature Button Stud Earrings,13525244,3SCBHSE1,£149.00,£89.40,https://www.clogauoutlet.co.uk/jewellery-clothing-women-acc/signature-button-stud-earrings/13525244.html
307,Blossom Hoop Earrings,13525245,3SFCE1,£119.00,£71.40,https://www.clogauoutlet.co.uk/jewellery-clothing-women-acc/blossom-hoop-earrings/13525245.html
308,Blossom Half Hoop Earrings,13525246,3SFCE2,£149.00,£89.40,https://www.clogauoutlet.co.uk/jewellery-clothing-women-acc/blossom-half-hoop-earrings/13525246.html
309,Lotus Earrings,13525247,3SLTUSE,£239.00,£143.40,https://www.clogauoutlet.co.uk/jewellery-clothing-women-acc/lotus-earrings/13525247.html
310,Welsh Royalty Stud Earrings,13525248,3SQAE2,£79.00,£47.40,https://www.clogauoutlet.co.uk/jewellery-clothing-women-acc/welsh-royalty-stud-earrings/13525248.html
311,Tree of Life® Half Hoop Earrings,13525249,3STLBWE,£219.00,£131.40,https://www.clogauoutlet.co.uk/jewellery-clothing-women-acc/tree-of-life-half-hoop-earrings/13525249.html
312,Clogau Signature Button Cufflinks,13525250,3SCBHCL,£250.00,£150.00,https://www.clogauoutlet.co.uk/jewellery-clothing-women-acc/clogau-signature-button-cufflinks/13525250.html
313,Clogau Vintage Globe Milestones Bead Charm,13525251,3SLLC158,£99.00,£59.40,https://www.clogauoutlet.co.uk/jewellery-clothing-women-acc/clogau-vintage-globe-milestones-bead-charm/13525251.html
314,Clogau Forget Me Not Milestones Bead Charm,13525252,3SLLC235,£169.00,£101.40,https://www.clogauoutlet.co.uk/jewellery-clothing-women-acc/clogau-forget-me-not-milestones-bead-charm/13525252.html
315,Clogau Four Leaf Clover Milestones Bead Charm,13525253,3SLLC278,£139.00,£83.40,https://www.clogauoutlet.co.uk/jewellery-clothing-women-acc/clogau-four-leaf-clover-milestones-bead-charm/13525253.html
316,Clogau Cariad Safety Chain Milestones Bead Charm,13525254,3SLLC286,£129.00,£77.40,https://www.clogauoutlet.co.uk/jewellery-clothing-women-acc/clogau-cariad-safety-chain-milestones-bead-charm/13525254.html
317,Clogau Horseshoe Milestones Bead Charm,13525255,3SLLC453,£79.00,£47.40,https://www.clogauoutlet.co.uk/jewellery-clothing-women-acc/clogau-horseshoe-milestones-bead-charm/13525255.html
318,Clogau Lamb Milestones Bead Charm,13525256,3SLLC455,£79.00,£47.40,https://www.clogauoutlet.co.uk/jewellery-clothing-women-acc/clogau-lamb-milestones-bead-charm/13525256.html
319,Clogau Honey Bee Milestones Bead Charm,13525257,3SLLC581,£69.00,£41.40,https://www.clogauoutlet.co.uk/jewellery-clothing-women-acc/clogau-honey-bee-milestones-bead-charm/13525257.html
320,Clogau Celtic Cross Charm,13525258,3SLLC586,£89.00,£53.40,https://www.clogauoutlet.co.uk/jewellery-clothing-women-acc/clogau-celtic-cross-charm/13525258.html
321,Clogau Pig Milestones Bead Charm,13525259,3SLLC587,£59.00,£35.40,https://www.clogauoutlet.co.uk/jewellery-clothing-women-acc/clogau-pig-milestones-bead-charm/13525259.html
322,Clogau Elephant Milestones Bead Charm,13525260,3SLLC589,£69.00,£41.40,https://www.clogauoutlet.co.uk/jewellery-clothing-women-acc/clogau-elephant-milestones-bead-charm/13525260.html
323,Clogau Harp Milestones Bead Charm,13525261,3SLLC590,£79.00,£47.40,https://www.clogauoutlet.co.uk/jewellery-clothing-women-acc/clogau-harp-milestones-bead-charm/13525261.html
324,Clogau Signature Button Pendant,13525262,3SCBHP1,£189.00,£113.40,https://www.clogauoutlet.co.uk/jewellery-clothing-women-acc/clogau-signature-button-pendant/13525262.html
325,Clogau Blossom Circle Pendant,13525263,3SFCP1,£270.00,£162.00,https://www.clogauoutlet.co.uk/jewellery-clothing-women-acc/clogau-blossom-circle-pendant/13525263.html
326,Clogau Blossom Engravable Circle Pendant,13525264,3SFECP2,£159.00,£95.40,https://www.clogauoutlet.co.uk/jewellery-clothing-women-acc/clogau-blossom-engravable-circle-pendant/13525264.html
327,Clogau Honey Bee Lariat,13525265,3SHNBLP,£189.00,£113.40,https://www.clogauoutlet.co.uk/jewellery-clothing-women-acc/clogau-honey-bee-lariat/13525265.html
328,Clogau Lotus Pendant,13525266,3SLTUP,£209.00,£125.40,https://www.clogauoutlet.co.uk/jewellery-clothing-women-acc/clogau-lotus-pendant/13525266.html
329,Clogau Tree of Life Black Onyx Pendant,13525267,3SNTLCOP,£149.00,£89.40,https://www.clogauoutlet.co.uk/jewellery-clothing-women-acc/clogau-tree-of-life-black-onyx-pendant/13525267.html
330,Clogau Welsh Royalty White Topaz Necklace,13525268,3SQAN2,£129.00,£77.40,https://www.clogauoutlet.co.uk/jewellery-clothing-women-acc/clogau-welsh-royalty-white-topaz-necklace/13525268.html
331,Clogau Tudor Court Pendant,13525269,3STDCP3,£149.00,£89.40,https://www.clogauoutlet.co.uk/jewellery-clothing-women-acc/clogau-tudor-court-pendant/13525269.html
332,Clogau Tree of Life Circle Pendant,13525270,3STOLP7,£109.00,£65.40,https://www.clogauoutlet.co.uk/jewellery-clothing-women-acc/clogau-tree-of-life-circle-pendant/13525270.html
333,Signature Button Ring,13525271,3SCBHR,£149.00,£89.40,https://www.clogauoutlet.co.uk/jewellery-clothing-women-acc/signature-button-ring/13525271.html
334,Eternal Love Affinity Stacking Ring,13525280,3SELDSR,£250.00,£150.00,https://www.clogauoutlet.co.uk/jewellery-clothing-women-acc/eternal-love-affinity-stacking-ring/13525280.html
335,Tree of Life® Origin Ring,13525291,3SENGTOL2,£129.00,£77.40,https://www.clogauoutlet.co.uk/jewellery-clothing-women-acc/tree-of-life-origin-ring/13525291.html
336,Blossom Stacking Ring,13525301,3SFCR1,£79.00,£47.40,https://www.clogauoutlet.co.uk/jewellery-clothing-women-acc/blossom-stacking-ring/13525301.html
337,Blossom Ring,13525311,3SFCR2,£99.00,£59.40,https://www.clogauoutlet.co.uk/jewellery-clothing-women-acc/blossom-ring/13525311.html
338,Tree of Life® Clover Ring,13525320,3SLKR,£79.00,£47.40,https://www.clogauoutlet.co.uk/jewellery-clothing-women-acc/tree-of-life-clover-ring/13525320.html
339,Lotus Ring,13525330,3SLTUR,£179.00,£107.40,https://www.clogauoutlet.co.uk/jewellery-clothing-women-acc/lotus-ring/13525330.html
340,Tree of Life® Ring,13525341,3SNTLCR,£129.00,£77.40,https://www.clogauoutlet.co.uk/jewellery-clothing-women-acc/tree-of-life-ring/13525341.html
341,Welsh Royalty Anniversary White Topaz Ring,13525353,3SQAR,£89.00,£53.40,https://www.clogauoutlet.co.uk/jewellery-clothing-women-acc/welsh-royalty-anniversary-white-topaz-ring/13525353.html
342,Tudor Court Ring,13525363,3STDCR3,£159.00,£95.40,https://www.clogauoutlet.co.uk/jewellery-clothing-women-acc/tudor-court-ring/13525363.html
343,Tree of Life® White Topaz Heart Ring,13525374,3STLDR,£99.00,£59.40,https://www.clogauoutlet.co.uk/jewellery-clothing-women-acc/tree-of-life-white-topaz-heart-ring/13525374.html
344,Tree of Life® Zircon Ring,13525385,XX3STOLZTR,£109.00,£65.40,https://www.clogauoutlet.co.uk/jewellery-clothing-women-acc/tree-of-life-zircon-ring/13525385.html
345,Clogau Grey Tree of Life Watch,13525397,4STCLW31,£330.00,£198.00,https://www.clogauoutlet.co.uk/jewellery-clothing-women-acc/clogau-grey-tree-of-life-watch/13525397.html
346,Clogau Ivory Tree of Life Watch,13525398,4STCLW32,£330.00,£198.00,https://www.clogauoutlet.co.uk/jewellery-clothing-women-acc/clogau-ivory-tree-of-life-watch/13525398.html
347,Clogau Rose Stainless Steel Clogau Baroque Watch,13525399,4STCLW41,£600.00,£360.00,https://www.clogauoutlet.co.uk/jewellery-clothing-women-acc/clogau-rose-stainless-steel-clogau-baroque-watch/13525399.html
348,Clogau Stainless Steel Clogau Baroque Watch,13525400,4STCLW42,£600.00,£360.00,https://www.clogauoutlet.co.uk/jewellery-clothing-women-acc/clogau-stainless-steel-clogau-baroque-watch/13525400.html
349,Clogau Baroque Watch,13525401,4STCLW43-M,None,None,https://www.clogauoutlet.co.uk/jewellery-clothing-women-acc/clogau-baroque-watch/13525401.html
350,Clogau Tree of Life Watch,13525404,4STCLW49,£350.00,£210.00,https://www.clogauoutlet.co.uk/jewellery-clothing-women-acc/clogau-tree-of-life-watch/13525404.html
351,Clogau WRU White Mother of Pearl Stainless Steel Watch,13525405,4STCLW53,£600.00,£360.00,https://www.clogauoutlet.co.uk/clothing-accessories/clogau-wru-white-mother-of-pearl-stainless-steel-watch/13525405.html
352,Clogau Rose Plated Stainless Steel Watch,13525406,4STCLW54,£580.00,£348.00,https://www.clogauoutlet.co.uk/clothing-accessories/clogau-rose-plated-stainless-steel-watch/13525406.html
353,Clogau Am Byth Affinity Bead Bracelet,13525407,3SBB1-M,£89.00,£53.40,https://www.clogauoutlet.co.uk/jewellery-clothing-women-acc/clogau-am-byth-affinity-bead-bracelet/13525407.html
354,Clogau Daisy Affinity Bead Bracelet,13525410,3SBB44-M,£99.00,£59.40,https://www.clogauoutlet.co.uk/jewellery-clothing-women-acc/clogau-daisy-affinity-bead-bracelet/13525410.html
355,Clogau Celebration Affinity Bead Bracelet,13525413,3SBB4-M,£99.00,£59.40,https://www.clogauoutlet.co.uk/jewellery-clothing-women-acc/clogau-celebration-affinity-bead-bracelet/13525413.html
356,Clogau Cariad Affinity Bead Bracelet 16.5-17.5cm,13525416,3SBB54S,£109.00,£65.40,https://www.clogauoutlet.co.uk/jewellery-clothing-women-acc/clogau-cariad-affinity-bead-bracelet-16.5-17.5cm/13525416.html
357,Clogau My True North Affinity Bead Bracelet,13525417,3SBB65-M,£109.00,£65.40,https://www.clogauoutlet.co.uk/jewellery-clothing-women-acc/clogau-my-true-north-affinity-bead-bracelet/13525417.html
358,Clogau Pineapple Affinity Bead Bracelet,13525420,3SBB86-M,£119.00,£71.40,https://www.clogauoutlet.co.uk/jewellery-clothing-women-acc/clogau-pineapple-affinity-bead-bracelet/13525420.html
359,Clogau Butterfly Affinity Bead Bracelet 16.5-17.5cm,13525423,3SBBR11S,£99.00,£59.40,https://www.clogauoutlet.co.uk/jewellery-clothing-women-acc/clogau-butterfly-affinity-bead-bracelet-16.5-17.5cm/13525423.html
360,Clogau Cariad Friendship Bracelet,13525424,3SCRCBR,£89.00,£53.40,https://www.clogauoutlet.co.uk/jewellery-clothing-women-acc/clogau-cariad-friendship-bracelet/13525424.html
361,Clogau Eternal Love Bangle,13525425,3SELB,£199.00,£119.40,https://www.clogauoutlet.co.uk/jewellery-clothing-women-acc/clogau-eternal-love-bangle/13525425.html
362,Clogau Blossom Circle Bracelet,13525426,3SFCBR,£189.00,£113.40,https://www.clogauoutlet.co.uk/jewellery-clothing-women-acc/clogau-blossom-circle-bracelet/13525426.html
363,Clogau Cariad Heart Milestones Bracelet (17cm),13525427,3SMSCHB17,£139.00,£83.40,https://www.clogauoutlet.co.uk/jewellery-clothing-women-acc/clogau-cariad-heart-milestones-bracelet-17cm/13525427.html
364,Clogau Tree of Life Milestones Bracelet (17cm),13525428,3SMSTB17,£139.00,£83.40,https://www.clogauoutlet.co.uk/jewellery-clothing-women-acc/clogau-tree-of-life-milestones-bracelet-17cm/13525428.html
365,Clogau Tudor Court Bangle,13525429,3STDCBG3,£350.00,£210.00,https://www.clogauoutlet.co.uk/jewellery-clothing-women-acc/clogau-tudor-court-bangle/13525429.html
366,Clogau Tree of Life White Topaz Bracelet,13525430,3STLBWBR,£179.00,£107.40,https://www.clogauoutlet.co.uk/jewellery-clothing-women-acc/clogau-tree-of-life-white-topaz-bracelet/13525430.html
367,Clogau Tree of Life Circle Bangle,13525431,3STOLBG7,£179.00,£107.40,https://www.clogauoutlet.co.uk/jewellery-clothing-women-acc/clogau-tree-of-life-circle-bangle/13525431.html
368,Clogau Tree of Life Circle Bracelet,13525432,3STOLBR7,£99.00,£59.40,https://www.clogauoutlet.co.uk/jewellery-clothing-women-acc/clogau-tree-of-life-circle-bracelet/13525432.html
